analysis,item,v1,v2,v3
1_signed_error,Valid(B1),-1.3,-2.7,28.6
1_signed_error,Test(B2),29.2,31.9,94.9
1_signed_error,Test(B3),-1.3,-1.7,47.7
2_batch_line,Batch1,-0.301,1.75,36
2_batch_line,Batch2,-0.313,1.604,39
2_batch_line,Batch3,-0.343,1.577,44
3_same_policy_4.8C,Batch1,753.0,-3.8,2
3_same_policy_4.8C,Batch2,629.1,-3.8,8
3_same_policy_4.8C,Batch3,1564.2,-4.58,6
4_b2_error_corr,C1,-0.2,0.229,
4_b2_error_corr,C2,-0.09,0.567,
4_b2_error_corr,Q1_pct,0.16,0.34,
4_b2_error_corr,med_chargetime_2_6,0.18,0.283,
4_b2_error_corr,mean_Tavg,-0.1,0.544,
4_b2_error_corr,cycle_life,-0.48,0.002,
5_recalibration,k=3,12.64,2.55,29.61625999749315
5_recalibration,k=5,12.43,1.72,29.61625999749315
5_recalibration,k=8,11.94,1.44,29.61625999749315
