batch,cell_id,cycle_life,eol_reached,policy,C1,Q1_pct,C2,log_dq_var,log_dq_min,dq_mean,qd_cycle2,qd_max_minus_c2,qd_slope_91_100,mean_Tavg,med_chargetime_2_6,ir_min,ir_100_minus_2,qd_last
Batch1,0,1190.0,False,3.6C(80%)-3.6C,3.6,80.0,3.6,-5.05152650567645,-2.050261434472745,-0.002794394744541485,1.0706892,0.00639320000000021,3.532363636363816e-05,31.603747328822767,13.34144166666665,0.016443744,-7.520000000000096e-05,1.0262098
Batch1,1,1179.0,False,3.6C(80%)-3.6C,3.6,80.0,3.6,-5.135776157670656,-2.045149878424103,-0.0037322737896168076,1.0753012,0.009288300000000138,-4.1299999999946096e-05,31.33031430692745,13.426056666666652,0.016764179,-4.199100000000164e-05,1.0382246
Batch1,2,1177.0,False,3.6C(80%)-3.6C,3.6,80.0,3.6,-4.951882733169134,-1.986994080593585,-0.0041384477537404225,1.0799223,0.008131200000000005,-4.419696969695032e-05,31.47958411321121,13.34142166666667,0.016613184,-1.3807000000001096e-05,1.0432786
Batch1,3,1226.0,False,4C(80%)-4C,4.0,80.0,4.0,-4.386347705983305,-1.7033213351118928,-0.007856911806057439,1.0797229,0.006530099999999983,-3.6842424242159625e-06,29.942198807956427,12.008374999999978,0.016098134,3.858100000000281e-05,0.97092122
Batch1,4,1227.0,False,4C(80%)-4C,4.0,80.0,4.0,-4.604779244757431,-1.8373966800088448,-0.0062691661639811816,1.0784167,0.005899899999999958,-2.9326666666620806e-05,31.44888383416564,12.008310000000014,0.016368635,-5.331399999999875e-05,1.0219597
Batch1,5,1074.0,True,4.4C(80%)-4.4C,4.4,80.0,4.4,-4.155832104301828,-1.5836357259876548,-0.011535037981958816,1.0761266,0.005943800000000055,-2.322303030302511e-05,30.92149771366389,11.001371666666698,0.015922785,-0.0001118670000000016,0.88053626
Batch1,6,636.0,True,4.8C(80%)-4.8C,4.8,80.0,4.8,-3.771282900446616,-1.4142291992982903,-0.016165914113184195,1.0758358,0.006303200000000064,-6.222545454542331e-05,32.27384521945563,10.092771666666643,0.016541764,-0.0003333460000000017,0.8800565
Batch1,7,870.0,True,4.8C(80%)-4.8C,4.8,80.0,4.8,-3.8218343867297078,-1.4288569192482274,-0.016420405618524876,1.0938644,0.004104200000000002,-4.0566060606012516e-05,31.990084509217034,10.008109999999942,0.016083084,-3.842100000000029e-05,0.88110596
Batch1,8,879.0,False,5.4C(40%)-3.6C,5.4,40.0,3.6,-3.942349573548498,-1.4993339988115946,-0.013695665606204874,1.0899748,0.005939099999999975,-1.4775151515136078e-05,32.076506270161325,11.208558333333349,0.016538974,2.1805999999999215e-05,0.96902454
Batch1,9,1054.0,True,5.4C(40%)-3.6C,5.4,40.0,3.6,-3.9786447664056386,-1.528094578572831,-0.012203626516902233,1.0829742,0.005975700000000028,-1.3036969696925354e-05,32.64153361126789,11.207968333333337,0.016611163,-3.366599999999817e-05,0.8809284
Batch1,10,906.0,False,5.4C(50%)-3C,5.4,50.0,3.0,-3.9954169215933923,-1.5479189039084729,-0.011389303690690888,1.0752757,0.009695600000000137,-1.454000000000306e-05,33.208150668462316,11.734921666666681,0.016397769,8.308200000000168e-05,0.96101874
Batch1,11,788.0,True,5.4C(50%)-3C,5.4,50.0,3.0,-4.099071517851837,-1.598897340840833,-0.00900341910027135,1.0537786,0.009460400000000035,-1.1643030302988797e-05,32.75932260623101,11.652274999999948,0.015962802,-0.0003035779999999988,0.88054359
Batch1,12,902.0,False,5.4C(50%)-3.6C,5.4,50.0,3.6,-4.076072056924014,-1.5493717103066238,-0.01171473930214216,1.077566,0.005827599999999933,-1.6655151515151973e-05,33.4580219141428,10.652861666666649,0.016234221,-2.065599999999737e-05,0.91311944
Batch1,13,897.0,False,5.4C(50%)-3.6C,5.4,50.0,3.6,-4.0263153090511254,-1.5288118556412051,-0.013281301941322153,1.0797893,0.005983599999999978,-2.8032121212105313e-05,32.09216634315908,10.735718333333292,0.016706679,-1.3330999999998372e-05,0.92313582
Batch1,14,880.0,True,5.4C(60%)-3C,5.4,60.0,3.0,-4.048738886513733,-1.5481536730053467,-0.011933677763037854,1.0709661,0.006877699999999987,-1.9479999999954416e-05,33.07746279993842,10.763291666666676,0.016649306,-6.811500000000054e-05,0.8800649
Batch1,15,719.0,True,5.4C(60%)-3C,5.4,60.0,3.0,-4.025167590102825,-1.5401256181623297,-0.010902425863143606,1.0611236,0.008215100000000142,-2.4367272727222413e-05,33.147720104395674,10.769081666666656,0.016542939,-0.0002532960000000001,0.88298881
Batch1,16,862.0,True,5.4C(60%)-3.6C,5.4,60.0,3.6,-4.101591309254797,-1.5594277738622802,-0.012555011795987807,1.0811664,0.007425499999999863,-3.0597575757549735e-05,32.41716254671688,10.096490000000024,0.016328048,-1.4819000000002719e-05,0.88096577
Batch1,17,857.0,True,5.4C(60%)-3.6C,5.4,60.0,3.6,-3.997218107234343,-1.5195208556855826,-0.012560353872363508,1.072052,0.007173799999999897,-1.2675757575741642e-05,32.088753858534446,10.180106666666628,0.016238289,2.2162999999998656e-05,0.8832469
Batch1,18,691.0,True,5.4C(70%)-3C,5.4,70.0,3.0,-3.664001737186456,-1.3630779264684996,-0.02018362861789606,1.0661705,0.003975300000000015,-0.00010586606060602684,31.831057275618022,9.958261666666688,0.015845969,-0.003994543,0.88114411
Batch1,19,788.0,True,5.4C(70%)-3C,5.4,70.0,3.0,-3.6343701367071035,-1.350035823838756,-0.01959407888439174,1.0851147,0.004190699999999881,-3.325272727269968e-05,33.044085397077396,9.957923333333323,0.016205151,-6.60869999999994e-05,0.88093972
Batch1,20,534.0,True,5.4C(80%)-5.4C,5.4,80.0,5.4,-3.363507130071331,-1.2038665836444875,-0.03306659604149434,1.07263,0.003094200000000047,-0.00023311272727268392,32.15292201754506,8.989326666666663,0.015036267,-0.000580528000000002,0.88078493
Batch1,21,559.0,True,5.4C(80%)-5.4C,5.4,80.0,5.4,-3.3422972190384663,-1.190852909395032,-0.030944697953169262,1.0824388,0.0034874000000000294,-0.00015905272727271253,33.13697371135653,8.980751666666643,0.014894895,-0.0002038070000000003,0.88016534
Batch1,22,891.0,False,6C(30%)-3.6C,6.0,30.0,3.6,-3.940387625045175,-1.488286084656502,-0.014854066296176036,1.0793039,0.005003300000000044,-3.374727272725336e-05,32.84391283877385,11.430919999999999,0.016250946,-5.07210000000001e-05,0.96327895
Batch1,23,1014.0,True,6C(30%)-3.6C,6.0,30.0,3.6,-4.029666035704335,-1.5244336066931528,-0.013469104851908501,1.0792934,0.004492999999999858,-2.0429696969636946e-05,31.99077454717494,11.430390000000019,0.016472535,-9.143999999999125e-06,0.88066453
Batch1,24,1017.0,True,6C(40%)-3C,6.0,40.0,3.0,-3.9250816786805744,-1.4880158027614023,-0.014204342646621704,1.0745355,0.004539499999999919,-7.403393939391063e-05,33.378063951824195,12.177883333333314,0.016390581,-4.86200000000131e-06,0.88046598
Batch1,25,854.0,True,6C(40%)-3C,6.0,40.0,3.0,-3.9972287132910425,-1.5156434615482994,-0.012983010499542947,1.0752345,0.004678599999999866,-3.221030303029656e-05,33.848557073949294,12.09737499999998,0.016397864,-1.1263999999996943e-05,0.88019997
Batch1,26,870.0,True,6C(40%)-3.6C,6.0,40.0,3.6,-3.776006370634551,-1.4068805367492165,-0.018216348910873138,1.0876514,0.003894800000000087,-9.834424242418302e-05,33.15641406115227,10.76500499999999,0.016129743,1.2887999999999095e-05,0.88105017
Batch1,27,842.0,True,6C(40%)-3.6C,6.0,40.0,3.6,-3.8339084154439664,-1.435252504140078,-0.015973092968583333,1.0790461,0.003953399999999885,-1.33133333333084e-05,33.89497000372245,10.763831666666677,0.015953196,3.187999999999802e-05,0.88130057
Batch1,28,860.0,True,6C(50%)-3C,6.0,50.0,3.0,-3.829274655012454,-1.4213913125307793,-0.017175318961156965,1.0777475,0.003846999999999934,-3.480545454544737e-05,33.773800525042,11.09720500000003,0.016467512,6.377100000000066e-05,0.88058227
Batch1,29,917.0,True,6C(50%)-3C,6.0,50.0,3.0,-3.8246334539101077,-1.4272987466248848,-0.01688830533390143,1.0794537,0.004349200000000053,-3.726424242422684e-05,32.70415601771739,11.179503333333317,0.016308507,1.7818000000002776e-05,0.88035375
Batch1,30,709.0,True,6C(50%)-3.6C,6.0,50.0,3.6,-3.7483119064016144,-1.3900579606401087,-0.01780481858608443,1.0798637,0.003954500000000083,-3.745818181814758e-05,33.54008830692456,10.097159999999985,0.015838005,5.842799999999926e-05,0.88054287
Batch1,31,876.0,True,6C(50%)-3.6C,6.0,50.0,3.6,-3.76971394290969,-1.3966115264661703,-0.01846283982288225,1.0946392,0.003694199999999981,-4.0801212121173814e-05,30.375396745150564,10.097186666666676,0.016684072,1.0658000000000195e-05,0.88099223
Batch1,32,731.0,True,6C(60%)-3C,6.0,60.0,3.0,-3.6475238217307786,-1.33811315000358,-0.02094768140665781,1.0778366,0.003820099999999993,-3.835454545452816e-05,33.08050304573434,10.096391666666689,0.015933495,5.134400000000178e-05,0.88080907
Batch1,33,757.0,True,6C(60%)-3C,6.0,60.0,3.0,-3.668253214351233,-1.3490054507290534,-0.0215460081106823,1.0924908,0.004335399999999989,-4.613878787875435e-05,33.67169761442224,10.179520000000018,0.016214989,-1.720699999999825e-05,0.88011229
Batch1,34,742.0,True,7C(30%)-3.6C,7.0,30.0,3.6,-3.843103835917253,-1.4251085145485836,-0.016407631833940898,1.0766174,0.004865000000000119,-3.0090909090895002e-05,32.66455167507311,11.084356666666645,0.016567618,-2.8376000000000096e-05,0.88205445
Batch1,35,703.0,True,7C(30%)-3.6C,7.0,30.0,3.6,-3.759319457975976,-1.3988548768548348,-0.018506705648455038,1.0707464,0.00507919999999995,-2.6306666666616624e-05,32.09733437854189,11.084075,0.016647711,3.243499999999733e-05,0.8802399
Batch1,36,704.0,True,7C(40%)-3C,7.0,40.0,3.0,-3.65615878883991,-1.34763214378522,-0.021434220444377153,1.0778315,0.004527799999999971,-4.1021818181788155e-05,32.04688205693082,11.524753333333319,0.016229769,8.785199999999938e-05,0.88231802
Batch1,37,648.0,True,7C(40%)-3C,7.0,40.0,3.0,-3.6600036122972632,-1.349434869372297,-0.01971299458786852,1.0748194,0.004472400000000043,-4.378787878785474e-05,32.95969887229894,11.607248333333336,0.016318144,6.718000000000002e-05,0.88336319
Batch1,38,617.0,True,7C(40%)-3.6C,7.0,40.0,3.6,-3.4325733462933345,-1.2387435733580296,-0.02702629541643134,1.0729513,0.003646500000000108,-7.160606060578144e-06,33.69474656343401,10.275475000000005,0.016066672,8.89640000000004e-05,0.88110942
Batch1,39,625.0,True,7C(40%)-3.6C,7.0,40.0,3.6,-3.507486222041217,-1.2678212736969623,-0.02441509238051446,1.0817773,0.004689399999999955,-2.555939393939892e-05,33.50643317156701,10.274928333333325,0.016519627,9.157099999999863e-05,0.88011074
Batch1,40,966.0,True,8C(15%)-3.6C,8.0,15.0,3.6,-4.09069207383316,-1.5463603523275369,-0.01250367507328451,1.0833029,0.004503299999999877,-4.214606060604409e-05,33.45968416375564,12.054661666666712,0.016480761,6.656899999999896e-05,0.88060951
Batch1,41,1051.0,True,8C(15%)-3.6C,8.0,15.0,3.6,-4.063684103101216,-1.0289516658664888,-0.012244755634473276,1.0789614,0.0049074999999998425,-3.1887272727236765e-05,33.07332253245542,12.054396666666678,0.016552322,-9.889999999998511e-07,0.88106161
Batch1,42,702.0,True,8C(25%)-3.6C,8.0,25.0,3.6,-3.670301164204065,-1.3486829124767143,-0.021319837345633263,1.0798725,0.004959500000000006,-3.2625454545442084e-05,33.58506724391689,11.13793666666667,0.016511114,0.00010331400000000018,0.88035142
Batch1,43,651.0,True,8C(25%)-3.6C,8.0,25.0,3.6,-3.665037198526454,-1.3423770129194077,-0.019476934549456926,1.0682389,0.003432099999999938,-3.969454545454608e-05,33.339782658681436,11.13773666666663,0.015904058,0.00012785400000000016,0.88044435
Batch1,44,616.0,True,8C(35%)-3.6C,8.0,35.0,3.6,-3.422325446785457,-1.2333459526566974,-0.029278524107210237,1.0847682,0.0035623999999998546,-5.139272727272322e-05,32.55333216968653,10.304085000000002,0.017142953,0.00015277100000000293,0.88048309
Batch1,45,599.0,True,8C(35%)-3.6C,8.0,35.0,3.6,-3.4231969078757474,-1.2321222779177947,-0.02918790250493602,1.0839558,0.004482499999999945,-3.8969696969685706e-05,33.0005473910965,10.221496666666644,0.016382927,0.00015038399999999993,0.88104212
Batch2,0,477.0,True,5.2C(58%)-4C,5.2,58.0,4.0,-3.576617485456086,-1.2995569299785308,-0.023639450838688462,1.1020051,0.008113500000000107,-0.00013864606060603945,31.808470926230026,10.173655000000144,0.017083954,6.96420000000017e-05,0.82661337
Batch2,1,491.0,True,5.6C(26%)-4.5C,5.6,26.0,4.5,-3.3016738831536765,-1.1707618686359438,-0.036030561252602816,1.1057826,0.003575800000000129,-0.0003579678787878456,33.60099815475848,10.176771666666658,0.017313389,-0.0006942100000000007,0.82848173
Batch2,2,424.0,True,5.2C(50%)-4.25C,5.2,50.0,4.25,-3.60675812505019,-1.3314786740392734,-0.021332595797497397,1.0753863,0.00516020000000017,-9.643696969692163e-05,33.17566129490617,10.174855000000147,0.016255558,-9.869800000000123e-05,0.82700932
Batch2,3,499.0,True,4.65C(44%)-5C,4.65,44.0,5.0,-3.630630823732642,-1.3182801139867597,-0.01807220851035381,1.0959566,0.012060699999999924,-0.0003240066666666512,33.93805810095692,10.173285000000032,0.015764765,-3.5558000000001505e-05,0.82550967
Batch2,4,444.0,True,4.65C(69%)-6C,4.65,69.0,6.0,-3.336556830366991,-1.1941017578283328,-0.03208158237395107,1.0899745,0.0008767999999998999,5.9412727272746644e-05,33.04820861652687,10.22127166666663,0.01593901,-0.0009035920000000017,0.82712674
Batch2,5,416.0,True,3.6C(30%)-6C,3.6,30.0,6.0,-3.0815388411301936,-1.0641022095589696,-0.04669829132418803,1.0989141,0.00013759999999995998,-0.00025926484848482704,33.01307013030371,10.17838833333323,0.015142022,-0.0007167039999999986,0.8261537
Batch2,6,393.0,True,3.6C(9%)-5C,3.6,9.0,5.0,-3.6824114000029273,-1.3612676314879202,-0.01858600866696809,1.0885617,0.01149509999999987,-0.0001851472727272528,33.81904518975318,10.179236666666595,0.015897563,-0.0005260630000000002,0.82940364
Batch2,7,777.0,True,4.8C(80%)-4.8C-newstructure,4.8,80.0,4.8,-4.436969320850394,-1.7506594432734206,-0.007436531282622072,1.0904776,0.015110199999999852,7.010424242422195e-05,33.769687089746824,10.036841666666684,0.014716571,1.3403999999999847e-05,0.8264814
Batch2,8,904.0,True,5.2C(58%)-4C-newstructure,5.2,58.0,4.0,-4.048784293808806,-1.4156420938998644,-0.012091943416046178,1.0906329,0.003211000000000075,5.035212121213047e-05,33.59868374090274,10.039886666666765,0.016342103,3.0228999999999673e-05,0.8255862
Batch2,9,791.0,True,5.6C(26%)-4.5C-newstructure,5.6,26.0,4.5,-4.074233870940575,-1.4396244995094785,-0.012425957221613397,1.0949715,0.004990999999999968,0.00023090060606063546,32.3508526526095,10.040636666666735,0.015197206,-5.300199999999991e-05,0.82610458
Batch2,10,492.0,True,4.8C(80%)-4.8C,4.8,80.0,4.8,-3.5260229529375176,-1.2839126023070369,-0.027036903684832955,1.1092782,0.0077312999999998855,0.00018856727272728842,31.720791269063756,10.171468333333177,0.016884135,-0.00030304700000000073,0.82791102
Batch2,11,449.0,True,5.2C(50%)-4.25C,5.2,50.0,4.25,-3.414759717766357,-1.2329233083052953,-0.026493295202619255,1.0959171,0.013548699999999858,9.152303030307291e-05,33.146477466034135,10.173445000000113,0.016784718,1.5793000000000057e-05,0.82524824
Batch2,12,466.0,True,4.65C(44%)-5C,4.65,44.0,5.0,-3.2522073393650883,-1.1575759441421962,-0.0373610928766259,1.1016457,0.006732100000000019,3.5369696970033062e-06,31.314676947956993,10.174281666666745,0.016159201,-0.0010207299999999975,0.82528538
Batch2,13,460.0,True,4.65C(69%)-6C,4.65,69.0,6.0,-3.2584585026502135,-1.161089045234272,-0.03743903604271078,1.0954365,0.0021364000000001493,-5.628484848430875e-06,31.946988973926523,10.208034999999898,0.015610993,-0.0010935590000000009,0.82574999
Batch2,14,426.0,True,3.6C(30%)-6C,3.6,30.0,6.0,-3.132837015987658,-1.09620988783927,-0.04331283267827627,1.0844886,0.0004899999999998794,0.00018378303030304444,32.123877001585356,10.208949999999943,0.015952863,-0.000878801999999998,0.82618046
Batch2,15,396.0,True,3.6C(9%)-5C,3.6,9.0,5.0,-3.417111677638004,-1.2429348931603779,-0.02675953869306,1.0697494,0.009623699999999902,-9.369636363637155e-05,32.862747677246595,10.174436666666589,0.016145013,-0.0009618189999999992,0.82608759
Batch2,16,472.0,True,4.8C(80%)-4.8C,4.8,80.0,4.8,-3.4844725163377186,-1.2671373786377296,-0.026611794781168933,1.0945363,0.007131600000000127,-0.00027128424242421633,32.7673986704417,10.172426666666675,0.017414019,-0.0002792050000000011,0.82648873
Batch2,17,471.0,True,5.6C(26%)-4.5C,5.6,26.0,4.5,-3.4600966764528565,-1.2593795577968812,-0.025501856221396894,1.0917177,0.018217600000000056,-0.00010712606060603907,32.988612809790894,10.175564999999915,0.016950201,-0.00042510400000000254,0.8272146
Batch2,18,449.0,True,5.2C(50%)-4.25C,5.2,50.0,4.25,-3.5827482046768155,-1.3410721608006149,-0.01904305989029686,1.0756292,0.01278990000000002,-8.618181818179697e-05,32.88627829858526,10.175171666666817,0.016488669,-4.021899999999759e-05,0.82719898
Batch2,19,392.0,True,6C(60%)-3C,6.0,60.0,3.0,-3.2921639677943495,-1.17994301671728,-0.03445891130873865,1.0902406,0.010140499999999886,-0.00026990424242422735,32.770067410122046,10.175338333333396,0.016542695,6.25240000000013e-05,0.82597393
Batch2,20,489.0,True,5.2C(58%)-4C,5.2,58.0,4.0,-3.4077735763193697,-1.2221303601305957,-0.02568300435634949,1.0977259,0.006970300000000096,0.000195070303030319,33.61911118506716,10.172825000000012,0.016160993,0.00019093999999999708,0.82856864
Batch2,21,408.0,True,6C(60%)-3C,6.0,60.0,3.0,-3.332035475365151,-1.192566526392411,-0.03341430998803963,1.0985936,0.008365100000000014,-0.0004372593939393755,33.60118814118363,10.174479999999797,0.017071372,0.00012853800000000096,0.82783753
Batch2,22,,False,VarCharge-2C-100cycles,,,,-4.65456538471039,-2.0607219373309036,-0.0023844295040110746,1.0913191,0.00622900000000004,-0.0007076296774193432,34.50224371401082,24.21592166666669,0.021770682,0.0,1.0556005
Batch2,23,,False,VarCharge-4C-100cycles,,,,-4.373429724919183,-1.715887382046723,-0.011454435294455912,1.0904602,0.002482799999999896,-0.0007116866129032307,34.147927604894626,12.205238333333304,0.021160889,0.0,0.97824305
Batch2,24,514.0,True,4.8C(80%)-4.8C,4.8,80.0,4.8,-3.5813832446539684,-1.311131237849046,-0.02404499261479469,1.0923017,0.009624700000000042,0.00021200424242425546,33.206377241160645,10.170328333333357,0.016424084,-0.00014084899999999845,0.82615805
Batch2,25,493.0,True,5.2C(58%)-4C,5.2,58.0,4.0,-3.537856154199935,-1.2920907639733645,-0.024276459615269644,1.098838,0.008213400000000037,0.0002377230303030598,32.23848796399698,10.173305000000012,0.016576298,2.3801000000000377e-05,0.82751423
Batch2,26,450.0,True,5.6C(26%)-4.5C,5.6,26.0,4.5,-3.096429813527223,-1.0747104677782016,-0.042451694936770215,1.1043522,0.0028544000000001457,0.0001298127272727906,33.75843376995604,10.17821166666666,0.017513856,-0.0008291710000000001,0.82529837
Batch2,27,474.0,True,5.2C(50%)-4.25C,5.2,50.0,4.25,-3.5581874083327567,-1.314576543635325,-0.023140464824571345,1.0925682,0.01260059999999985,7.09490909090803e-05,33.30411096115286,10.174388333333143,0.017410973,0.00012275900000000006,0.8266983
Batch2,28,437.0,True,4.8C(80%)-4.8C,4.8,80.0,4.8,-3.414495916477753,-1.2415230816490956,-0.02817930432668696,1.0904486,0.009223800000000004,0.00019808787878789348,32.143914131113334,10.17418333333335,0.016122971,-0.0006546150000000008,0.82741743
Batch2,29,452.0,True,5.2C(58%)-4C,5.2,58.0,4.0,-3.493027891178068,-1.2743670629183066,-0.02588282138975009,1.1032062,0.014966599999999941,-4.466545454546098e-05,31.797490897448796,10.17302166666656,0.016617509,0.00011061700000000035,0.82541627
Batch2,30,412.0,True,5.6C(26%)-4.5C,5.6,26.0,4.5,-3.1882342588761725,-1.1241910540544313,-0.03965529811825644,1.0946374,0.003826499999999955,-2.8684848484157825e-06,33.81182141567536,10.253060000000065,0.01667887,-0.001062254999999998,0.82665932
Batch2,31,425.0,True,5.6C(26%)-4.5C,5.6,26.0,4.5,-2.9999535862850513,-0.9173952196489987,-0.04247212983053931,1.0990092,0.004161300000000034,-4.224848484817573e-06,33.3758501254003,10.17718833333347,0.015888851,-0.0006819260000000028,0.82528561
Batch2,32,809.0,True,4.8C(80%)-4.8C-newstructure,4.8,80.0,4.8,-4.102907149217756,-1.5567465924499628,-0.013514233769012358,1.0881557,0.005788700000000091,2.2404242424287344e-05,32.16894887045923,10.042119999999947,0.014739397,-5.889600000000099e-05,0.82744044
Batch2,33,1140.0,True,5.2C(58%)-4C-newstructure,5.2,58.0,4.0,-4.278157769642239,-1.6428410743927324,-0.010765994458239565,1.0732747,0.0014279999999999848,1.460909090908875e-05,32.74157143407892,10.039223333333211,0.014933125,-8.753799999999985e-05,0.82506907
Batch2,34,1186.0,True,5.6C(26%)-4.5C-newstructure,5.6,26.0,4.5,-4.442689185551149,-1.7124174767257279,-0.008304521736036104,1.0671737,0.001733100000000043,2.1133939393939463e-05,35.66789148456313,10.03998166666667,0.014872484,-0.00011882799999999964,0.82562441
Batch2,35,,True,VarCharge-6C-100cycles,,,,-3.2099022481222805,-1.1152854660597034,-0.04468571514286084,1.0689886,0.000327200000000083,-0.0003650348387096894,36.507257940976096,8.064089999999851,0.020666521,0.0,0.88112044
Batch2,36,,True,VarCharge-8C-100cycles,,,,-2.697005012471626,-0.8718778250552034,-0.08310265803478947,1.0722352,0.0,-0.00047995112903228133,38.56623803155033,6.490253333333627,0.02033557,0.0,0.88107425
Batch2,37,,False,3.6C(80%)-3.6C(SLOWCYCLE,3.6,80.0,3.6,-5.40628724885932,-1.986003557846026,-0.001464464524912925,1.0834186,0.002584900000000001,4.055000000045789e-06,32.93003403034187,13.503904999999941,0.016990282,0.009998608999999999,1.0848085
Batch2,38,,False,4.8C(80%)-4.8C(SLOWCYCLE,4.8,80.0,4.8,-4.423674358765279,-1.5949848384795193,-0.010834818147243915,1.0843664,0.0024343000000000004,-3.934166666661347e-05,31.11454090546271,10.168743333333502,0.016356453,0.009001521000000002,1.0820881
Batch2,39,,True,3.6C(9%)-5C(SLOWCYCLE,3.6,9.0,5.0,-3.4195309941204344,-1.2400413014496185,-0.032130332026120076,1.072063,0.0021538000000000945,-7.6331666666605e-05,32.886249589388996,10.175388333333347,0.016586451,0.008042265,0.88120419
Batch2,40,,True,5.2C(58%)-4C(SLOWCYCLE,5.2,58.0,4.0,-3.6523703313732763,-1.3386860114008912,-0.023621510833386303,1.0839667,0.0035511999999999766,2.1733333333373856e-05,32.46931392128253,10.173111666666712,,,0.88021344
Batch2,41,442.0,True,5.6C(26%)-4.5C,5.6,26.0,4.5,-3.1908385161139434,-1.1136276732241124,-0.03770420184743521,1.1049188,0.005106599999999961,-1.5642424242157835e-06,30.193787010451164,10.17818833333343,,,0.82606894
Batch2,42,474.0,True,5.2C(50%)-4.25C,5.2,50.0,4.25,-3.408099414569885,-1.2401790470779759,-0.031555432401540795,1.1024443,0.011393200000000103,7.06951515151867e-05,31.709620029469267,10.175013333333482,,,0.82577723
Batch2,43,1029.0,True,4.8C(80%)-4.8C-newstructure,4.8,80.0,4.8,-4.298837720482303,-1.7323487559411637,-0.007531273638654202,1.0974334,0.004615400000000047,2.710787878790401e-05,33.92914533704784,10.03631333333348,,,0.82532436
Batch2,44,841.0,True,5.2C(58%)-4C-newstructure,5.2,58.0,4.0,-4.373031890794826,-1.6828472467814035,-0.008990998308121225,1.09659,0.002728300000000017,0.00011412545454546356,33.95995836968299,10.040436666666695,,,0.82503617
Batch2,45,997.0,True,5.6C(26%)-4.5C-newstructure,5.6,26.0,4.5,-4.264289244940207,-1.6193870348728268,-0.010115132131840735,1.1030351,0.0020833999999998465,2.761818181827321e-06,35.271412144027664,10.040249999999894,,,0.82734823
Batch2,46,503.0,True,4.8C(80%)-4.8C,4.8,80.0,4.8,-3.5775201350196184,-1.3109483427872188,-0.023034345464814664,1.100943,0.006137899999999918,-0.00020177454545452784,29.88150861827619,10.169698333333509,,,0.82638663
Batch3,0,1009.0,True,5C(67%)-4C-newstructure,5.0,67.0,4.0,-4.232672662805281,-1.6271699798394041,-0.010361030246008833,1.0674551,0.003916099999999867,-4.18503030302747e-05,32.194853230782606,10.042381666666673,0.015180224,-0.00012841200000000136,0.8804329
Batch3,1,1063.0,True,5.3C(54%)-4C-newstructure,5.3,54.0,4.0,-4.248604843132753,-1.6373142109052816,-0.00997993894269913,1.0650603,0.003679599999999894,-6.469515151514222e-05,34.83231929224147,10.040883333333234,0.014931546,-0.00010282300000000015,0.8802734
Batch3,2,1267.0,True,5.6C(19%)-4.6C-newstructure,5.6,19.0,4.6,-4.454978292843555,-1.714915654150811,-0.0073149981707494195,1.060818,0.0023956999999998896,-6.157393939391411e-05,36.79033178065713,10.04448999999998,0.014437579,-0.0004166900000000008,0.88013124
Batch3,3,1115.0,True,5.6C(36%)-4.3C-newstructure,5.6,36.0,4.3,-4.119550954352129,-1.5661764820919957,-0.01107111136490116,1.0628892,0.0026450000000000085,-7.747878787877326e-05,36.08374244976545,10.042306666666748,0.014885032,5.60549999999993e-05,0.88058406
Batch3,4,1048.0,True,5.6C(19%)-4.6C-newstructure,5.6,19.0,4.6,-4.191086917521082,-1.6104092229980247,-0.010137369702981134,1.0724765,0.0027884999999998605,-2.3760606060569968e-05,32.11715379681872,10.045296666666642,0.015085269,-6.733400000000049e-05,0.88001466
Batch3,5,828.0,True,5.6C(36%)-4.3C-newstructure,5.6,36.0,4.3,-4.096562812015636,-1.5800066294471036,-0.012057247975660587,1.0514506,0.0026052000000000852,-6.302727272729174e-05,35.56013985266867,10.042009999999815,0.015130546,-0.00016723399999999874,0.88066918
Batch3,6,667.0,True,3.7C(31%)-5.9C-newstructure,3.7,31.0,5.9,-3.516391238108188,-1.2682036583206473,-0.02897418890382754,1.0626124,0.00045920000000010397,-0.00024328727272727416,34.1072055276095,10.062440000000061,0.013527169,0.00032014799999999927,0.88052577
Batch3,7,1836.0,True,4.8C(80%)-4.8C-newstructure,4.8,80.0,4.8,-4.487421812361014,-1.7660246318906991,-0.007008369896460721,1.0675218,0.003397199999999989,-6.748666666664018e-05,32.79694473003086,11.037688333333305,0.015372629,-3.5402999999999823e-05,0.88036358
Batch3,8,828.0,True,5C(67%)-4C-newstructure,5.0,67.0,4.0,-4.109640654356949,-1.5703403508022213,-0.011891476669026896,1.0647362,0.003978199999999932,-3.7736969696910584e-05,33.05552416009523,10.044031666666706,0.01520093,-0.00017268099999999918,0.88094097
Batch3,9,1039.0,True,5.3C(54%)-4C-newstructure,5.3,54.0,4.0,-3.9939576101373704,-1.53077956665048,-0.014359746653350533,1.0694826,0.00388809999999995,-8.253333333316794e-06,33.08832983925303,10.041879999999946,0.015742281,-2.9396000000000977e-05,0.8801114
Batch3,10,1078.0,True,4.8C(80%)-4.8C-newstructure,4.8,80.0,4.8,-4.4099246067294215,-1.7182628092520935,-0.008304216761456693,1.0617746,0.003226200000000068,-0.00011395212121206503,32.5348014795901,11.038979999999961,0.015318613,-0.00014386399999999876,0.88064086
Batch3,11,817.0,True,5.6C(19%)-4.6C-newstructure,5.6,19.0,4.6,-3.896726877988431,-1.4717263025529188,-0.015491678732925342,1.0680679,0.0026927999999999397,-3.901878787880799e-05,34.20373702283128,10.042211666666601,0.015485173,-4.955999999999884e-05,0.88113368
Batch3,12,932.0,True,5.6C(36%)-4.3C-newstructure,5.6,36.0,4.3,-3.9398583422941527,-1.494952254717381,-0.015461101278957166,1.0741653,0.002777699999999994,-2.3809696969690564e-05,33.2205731520236,10.042584999999963,0.01599754,-4.0385999999999894e-05,0.88080788
Batch3,13,816.0,True,5.6C(19%)-4.6C-newstructure,5.6,19.0,4.6,-4.090024042413784,-1.5566671904854605,-0.011824428990222553,1.065558,0.004086699999999999,-4.9785454545423265e-05,34.11768528185422,10.041723333333357,0.01506449,-0.00014514099999999967,0.88024569
Batch3,14,858.0,True,5.6C(36%)-4.3C-newstructure,5.6,36.0,4.3,-4.01536433554015,-1.533261333803243,-0.013256833806419097,1.0727056,0.005038600000000004,-1.6985454545459178e-05,33.11953606667905,10.041553333333287,0.015496999,-7.740999999999998e-05,0.88065648
Batch3,15,876.0,True,5.9C(15%)-4.6C-newstructure,5.9,15.0,4.6,-3.991596264415281,-1.522449033470844,-0.013797941013787908,1.0684187,0.002858699999999992,-7.973333333330771e-05,33.51055049283859,10.04166833333317,0.01525728,-9.027200000000062e-05,0.88058048
Batch3,16,1638.0,True,4.8C(80%)-4.8C-newstructure,4.8,80.0,4.8,-4.684958313199335,-1.8585439951250575,-0.005601489658137728,1.061009,0.0033308999999999145,-8.315333333330502e-05,34.94134876933804,11.041133333333224,0.015253145,-0.00012093599999999857,0.88014877
Batch3,17,1315.0,True,5.3C(54%)-4C-newstructure,5.3,54.0,4.0,-4.4347635453947625,-1.735318851227462,-0.007650239750836247,1.0664514,0.002599599999999924,-1.9984242424215993e-05,35.07228784758459,10.041936666666636,0.01535425,-0.00016227499999999992,0.88043362
Batch3,18,1146.0,True,5.6C(19%)-4.6C-newstructure,5.6,19.0,4.6,-4.2361408052733385,-1.6267304723034561,-0.010360596618329321,1.0680237,0.0021301000000000236,-7.005818181819463e-05,35.2914180269327,10.04294000000009,0.014978203,-3.7439999999999696e-05,0.88003904
Batch3,19,1155.0,True,5.6C(36%)-4.3C-newstructure,5.6,36.0,4.3,-4.152025460836121,-1.5878423810589701,-0.011824291588573566,1.0719248,0.0019749000000000017,-7.901090909089403e-05,35.09835953689969,10.043493333333268,0.015178323,-4.249000000000093e-05,0.88007373
Batch3,20,813.0,True,5C(67%)-4C-newstructure,5.0,67.0,4.0,-4.096326956205182,-1.5629790396007919,-0.01171317442923313,1.0650502,0.0030607000000000273,-4.0721212121214554e-05,33.10212248197412,10.043496666666519,0.015206913,-7.635700000000085e-05,0.88059181
Batch3,21,772.0,True,3.7C(31%)-5.9C-newstructure,3.7,31.0,5.9,-3.69302296781005,-1.3556601321773505,-0.02380538987848212,1.0678563,0.0008403999999999634,-0.00019249454545453774,34.900399416468076,10.066555000000031,0.01394002,0.00023393700000000003,0.8801983
Batch3,22,1002.0,True,5.9C(60%)-3.1C-newstructure,5.9,60.0,3.1,-4.045689718369744,-1.5490311248967303,-0.013700045103918675,1.0562643,0.002844599999999975,-5.2859393939358154e-05,34.61069656408486,10.04348333333328,0.015614755,-0.00012298300000000012,0.88094068
Batch3,23,,False,4.8C(80%)-4.8C-newstructure,4.8,80.0,4.8,-4.573654829412055,-1.8146611687436587,-0.006666204235150618,1.0661554,0.002912900000000107,-0.00012785212121212058,34.929390162261846,11.037744999999996,0.015194215,-7.400299999999957e-05,0.93701142
Batch3,24,825.0,True,5C(67%)-4C-newstructure,5.0,67.0,4.0,-4.126906961197384,-1.5950004935511537,-0.010671453504223763,1.0462732,0.004855700000000018,-5.473030303027578e-05,34.68760501613314,10.042218333333343,0.01550305,-0.0001505590000000015,0.88021326
Batch3,25,989.0,True,5.3C(54%)-4C-newstructure,5.3,54.0,4.0,-4.131881674898488,-1.5705431219728667,-0.011289671812250735,1.0611302,0.004340299999999964,-5.590848484845932e-05,35.58186389191699,10.041338333333261,0.015591009,-4.924599999999932e-05,0.88167018
Batch3,26,1028.0,True,5.6C(19%)-4.6C-newstructure,5.6,19.0,4.6,-4.2092593997088175,-1.6098086948768415,-0.010425536465982538,1.0720186,0.0037909000000000415,-4.365515151511336e-05,35.745916536891265,10.041728333333351,0.015538619,-4.2369000000000434e-05,0.88023561
Batch3,27,850.0,True,5.6C(36%)-4.3C-newstructure,5.6,36.0,4.3,-4.110813329369719,-1.5643296999051237,-0.011240992834693573,1.0604171,0.004035500000000081,-4.649272727274783e-05,35.30844806776433,10.044893333333311,0.014868693,-9.954799999999965e-05,0.88002509
Batch3,28,541.0,True,3.7C(31%)-5.9C-newstructure,3.7,31.0,5.9,-3.4413421693731294,-1.2343548598227947,-0.030321343958742128,1.0518668,0.0008316999999999908,-0.0002672533333333261,35.69688828820833,10.059713333333397,0.013169404,0.00043592300000000125,0.88010961
Batch3,29,858.0,True,5.9C(15%)-4.6C-newstructure,5.9,15.0,4.6,-4.050036075664458,-1.5430806300852127,-0.011979996222706464,1.0663688,0.0048319999999999474,-5.9612121212083486e-05,31.262889334066085,10.041884999999942,0.014745088,-0.00016551100000000013,0.88007307
Batch3,30,935.0,True,5.3C(54%)-4C-newstructure,5.3,54.0,4.0,-4.143468426315687,-1.5856105635743816,-0.010985321279537448,1.0687393,0.0036004999999998955,-3.100909090906467e-05,32.24311941023021,10.043756666666741,0.015509814,-0.00011412599999999912,0.88024825
Batch3,31,731.0,True,5.9C(60%)-3.1C-newstructure,5.9,60.0,3.1,-3.823472128504606,-1.4406933481569062,-0.016873531673920205,1.0681812,0.0034605000000000885,-3.540727272727238e-05,34.00003070157337,10.047026666666836,0.015812302,-2.983200000000047e-05,0.88031369
Batch3,32,,False,4.8C(80%)-4.8C-newstructure,4.8,80.0,4.8,-4.700221009363091,-1.9830896728831833,-0.003530635947697652,1.0725862,0.0024730000000001695,-3.833818181814408e-05,35.436174962805026,11.037991666666494,0.015263474,-0.00017144699999999992,0.97388279
Batch3,33,1284.0,True,5C(67%)-4C-newstructure,5.0,67.0,4.0,-4.370589515925665,-1.6877564311358375,-0.008340990424175316,1.060272,0.00264439999999988,-5.687757575756208e-05,33.10710984192206,10.043493333333268,0.015279103,-0.00015399299999999984,0.88079751
Batch3,34,1158.0,True,5.3C(54%)-4C-newstructure,5.3,54.0,4.0,-4.293400663403529,-1.6617242734533288,-0.009692176710479363,1.061535,0.0027430999999999983,-7.765757575755645e-05,35.77943527518051,10.044100000000132,0.015220164,-0.00010690799999999931,0.88017184
Batch3,35,1093.0,True,5.6C(19%)-4.6C-newstructure,5.6,19.0,4.6,-4.218237357481185,-1.6283715762403852,-0.010091311126269481,1.0633804,0.002049399999999979,-4.981272727274103e-05,35.532941501822236,10.042948333333333,0.015308049,-7.601500000000046e-05,0.88011736
Batch3,36,923.0,True,5.6C(36%)-4.3C-newstructure,5.6,36.0,4.3,-4.236705340009495,-1.6274086403197767,-0.010235954136064079,1.0575287,0.003076099999999915,-5.938606060601689e-05,35.87907157748097,10.0436500000001,0.015083324,-8.82880000000006e-05,0.88060242
Batch3,37,1390.0,True,4.8C(80%)-4.8C-newstructure,4.8,80.0,4.8,-4.985631700514401,-1.6130953344242782,-0.0016229320153857217,1.0465839,0.012100800000000023,-6.313090909089439e-05,35.01461049108638,11.038494999999966,0.01243343,-0.00013295699999999952,0.88049883
Batch3,38,1935.0,True,5C(67%)-4C-newstructure,5.0,67.0,4.0,-4.336641385857311,-1.6846148377511914,-0.009244814965535536,1.0701473,0.0025093000000000476,-6.188181818179406e-05,34.745836319764145,10.043610000000141,0.015742945,-0.00011589700000000022,0.88000458
Batch3,39,1156.0,True,5.3C(54%)-4C-newstructure,5.3,54.0,4.0,-4.443138111354001,-1.75103494038074,-0.006553531138097046,1.0474036,0.004107000000000083,-2.411030303025203e-05,33.887021839840784,10.043956666666782,0.015480768,-0.00015527400000000038,0.88043225
Batch3,40,796.0,True,5.6C(19%)-4.6C-newstructure,5.6,19.0,4.6,-4.309705344735928,-1.6553691900548495,-0.009131534049278437,1.0593235,0.004510000000000014,-4.828969696966428e-05,34.05341123035083,10.043659999999848,0.015254971,-0.00023430500000000062,0.88070726
Batch3,41,786.0,True,5.6C(36%)-4.3C-newstructure,5.6,36.0,4.3,-4.199349675388194,-1.6088129682027832,-0.010101988757843598,1.0505219,0.004361900000000141,-5.06472727272364e-05,33.640262798950594,10.043064999999963,0.017006677,-0.00017313199999999945,0.88062328
Batch3,42,1642.0,True,4.8C(80%)-4.8C-newstructure,4.8,80.0,4.8,-4.384950768768629,-2.233378649442084,0.0006743067239503193,1.0669198,0.0030687000000000353,-2.3201212121205096e-05,33.03326599301577,11.039078333333357,0.015753616,-0.0005620929999999996,0.88037544
Batch3,43,1046.0,True,5C(67%)-4C-newstructure,5.0,67.0,4.0,-4.152156360417729,-1.6997295198818319,-0.007076274686754984,1.0701852,0.0031487999999999516,-4.3981212121197795e-05,33.89526904792961,10.043751666666504,0.015550403,-0.00014502799999999844,0.88060749
Batch3,44,940.0,True,5.3C(54%)-4C-newstructure,5.3,54.0,4.0,-4.133080792014577,-1.5846520568879627,-0.011334357248123726,1.06972,0.004184900000000047,-1.7926666666660082e-05,33.35164903826186,10.043518333333244,0.01551657,-0.00010574500000000084,0.88046378
Batch3,45,1801.0,True,4.8C(80%)-4.8C-newstructure,4.8,80.0,4.8,-4.505414004543061,-1.7711676750484417,-0.007325925453890356,1.0695485,0.0025961999999999374,-7.1878787878729586e-06,32.72596355233115,11.037379999999878,0.015557319,-7.953999999999947e-05,0.88047254
