feature_set,model,params,Train_CV_MAPE,Valid_MAPE,Test_B2_MAPE(posthoc),Test_B3_MAPE(posthoc)
F0_dq_var,Linear,-,9.16,8.09,29.62,12.16
F0_dq_var,Ridge,"{'alpha': 1, 'copy_X': True, 'fit_intercept': True, 'max_iter': None, 'positive': False, 'random_state': None, 'solver': 'auto', 'tol': 0.0001}",9.13,8.52,30.27,12.14
F0_dq_var,ElasticNet,"{'alpha': 0.005, 'copy_X': True, 'fit_intercept': True, 'l1_ratio': 0.8, 'max_iter': 50000, 'positive': False, 'precompute': False, 'random_state': None, 'selection': 'cyclic', 'tol': 0.0001, 'warm_start': False}",9.14,9.03,30.97,12.19
F0_dq_var,Lasso,"{'alpha': 0.005, 'copy_X': True, 'fit_intercept': True, 'max_iter': 50000, 'positive': False, 'precompute': False, 'random_state': None, 'selection': 'cyclic', 'tol': 0.0001, 'warm_start': False}",9.14,9.26,31.3,12.25
FA_dq_capacity,GradientBoosting,"{'alpha': 0.9, 'ccp_alpha': 0.0, 'criterion': 'deprecated', 'init': None, 'learning_rate': 0.05, 'loss': 'squared_error', 'max_depth': 2, 'max_features': None, 'max_leaf_nodes': None, 'min_impurity_decrease': 0.0, 'min_samples_leaf': 1, 'min_samples_split': 2, 'min_weight_fraction_leaf': 0.0, 'n_estimators': 100, 'n_iter_no_change': None, 'random_state': 42, 'subsample': 1.0, 'tol': 0.0001, 'validation_fraction': 0.1, 'verbose': 0, 'warm_start': False}",9.15,12.25,40.04,18.6
FB_plus_charge,RandomForest,"{'bootstrap': True, 'ccp_alpha': 0.0, 'criterion': 'squared_error', 'max_depth': 3, 'max_features': 1.0, 'max_leaf_nodes': None, 'max_samples': None, 'min_impurity_decrease': 0.0, 'min_samples_leaf': 2, 'min_samples_split': 2, 'min_weight_fraction_leaf': 0.0, 'monotonic_cst': None, 'n_estimators': 300, 'n_jobs': None, 'oob_score': False, 'random_state': 42, 'verbose': 0, 'warm_start': False}",9.84,12.26,36.0,19.13
FB_plus_charge,GradientBoosting,"{'alpha': 0.9, 'ccp_alpha': 0.0, 'criterion': 'deprecated', 'init': None, 'learning_rate': 0.05, 'loss': 'squared_error', 'max_depth': 2, 'max_features': None, 'max_leaf_nodes': None, 'min_impurity_decrease': 0.0, 'min_samples_leaf': 1, 'min_samples_split': 2, 'min_weight_fraction_leaf': 0.0, 'n_estimators': 300, 'n_iter_no_change': None, 'random_state': 42, 'subsample': 1.0, 'tol': 0.0001, 'validation_fraction': 0.1, 'verbose': 0, 'warm_start': False}",9.19,12.65,45.23,24.37
FA_dq_capacity,RandomForest,"{'bootstrap': True, 'ccp_alpha': 0.0, 'criterion': 'squared_error', 'max_depth': 5, 'max_features': 1.0, 'max_leaf_nodes': None, 'max_samples': None, 'min_impurity_decrease': 0.0, 'min_samples_leaf': 2, 'min_samples_split': 2, 'min_weight_fraction_leaf': 0.0, 'monotonic_cst': None, 'n_estimators': 300, 'n_jobs': None, 'oob_score': False, 'random_state': 42, 'verbose': 0, 'warm_start': False}",9.07,12.71,35.38,18.66
F0_dq_var,RandomForest,"{'bootstrap': True, 'ccp_alpha': 0.0, 'criterion': 'squared_error', 'max_depth': 3, 'max_features': 1.0, 'max_leaf_nodes': None, 'max_samples': None, 'min_impurity_decrease': 0.0, 'min_samples_leaf': 2, 'min_samples_split': 2, 'min_weight_fraction_leaf': 0.0, 'monotonic_cst': None, 'n_estimators': 300, 'n_jobs': None, 'oob_score': False, 'random_state': 42, 'verbose': 0, 'warm_start': False}",9.45,13.01,32.59,18.77
F0_dq_var,GradientBoosting,"{'alpha': 0.9, 'ccp_alpha': 0.0, 'criterion': 'deprecated', 'init': None, 'learning_rate': 0.05, 'loss': 'squared_error', 'max_depth': 2, 'max_features': None, 'max_leaf_nodes': None, 'min_impurity_decrease': 0.0, 'min_samples_leaf': 1, 'min_samples_split': 2, 'min_weight_fraction_leaf': 0.0, 'n_estimators': 100, 'n_iter_no_change': None, 'random_state': 42, 'subsample': 1.0, 'tol': 0.0001, 'validation_fraction': 0.1, 'verbose': 0, 'warm_start': False}",9.82,13.17,33.46,19.59
FB_plus_charge,ElasticNet,"{'alpha': 0.005, 'copy_X': True, 'fit_intercept': True, 'l1_ratio': 0.5, 'max_iter': 50000, 'positive': False, 'precompute': False, 'random_state': None, 'selection': 'cyclic', 'tol': 0.0001, 'warm_start': False}",6.01,13.37,39.42,11.95
FB_plus_charge,Lasso,"{'alpha': 0.001, 'copy_X': True, 'fit_intercept': True, 'max_iter': 50000, 'positive': False, 'precompute': False, 'random_state': None, 'selection': 'cyclic', 'tol': 0.0001, 'warm_start': False}",6.14,13.66,37.71,11.45
FA_dq_capacity,Lasso,"{'alpha': 0.001, 'copy_X': True, 'fit_intercept': True, 'max_iter': 50000, 'positive': False, 'precompute': False, 'random_state': None, 'selection': 'cyclic', 'tol': 0.0001, 'warm_start': False}",5.44,15.61,26.21,15.44
FB_plus_charge,Ridge,"{'alpha': 0.01, 'copy_X': True, 'fit_intercept': True, 'max_iter': None, 'positive': False, 'random_state': None, 'solver': 'auto', 'tol': 0.0001}",5.86,18.35,36.13,25.74
FA_dq_capacity,ElasticNet,"{'alpha': 0.001, 'copy_X': True, 'fit_intercept': True, 'l1_ratio': 0.2, 'max_iter': 50000, 'positive': False, 'precompute': False, 'random_state': None, 'selection': 'cyclic', 'tol': 0.0001, 'warm_start': False}",5.02,18.62,26.03,22.93
FB_plus_charge,Linear,-,5.73,19.1,35.9,36.82
FA_dq_capacity,Ridge,"{'alpha': 0.01, 'copy_X': True, 'fit_intercept': True, 'max_iter': None, 'positive': False, 'random_state': None, 'solver': 'auto', 'tol': 0.0001}",4.16,20.25,30.9,52.51
FA_dq_capacity,Linear,-,3.95,20.42,32.84,71.28
