set,batch,cell_id,policy,cycle_life,pred_life,APE(%),log_dq_var
Valid(B1),Batch1,5,4.4C(80%)-4.4C,1074.0,980.0,8.75,-4.155832104301828
Valid(B1),Batch1,6,4.8C(80%)-4.8C,636.0,766.0,20.38,-3.771282900446616
Valid(B1),Batch1,7,4.8C(80%)-4.8C,870.0,791.0,9.1,-3.821834386729708
Valid(B1),Batch1,38,7C(40%)-3.6C,617.0,616.0,0.17,-3.4325733462933345
Valid(B1),Batch1,39,7C(40%)-3.6C,625.0,646.0,3.41,-3.507486222041217
Valid(B1),Batch1,40,8C(15%)-3.6C,966.0,940.0,2.71,-4.09069207383316
Valid(B1),Batch1,41,8C(15%)-3.6C,1051.0,924.0,12.11,-4.063684103101216
Test(B2),Batch2,0,5.2C(58%)-4C,477.0,676.0,41.64,-3.576617485456086
Test(B2),Batch2,1,5.6C(26%)-4.5C,491.0,566.0,15.34,-3.3016738831536765
Test(B2),Batch2,2,5.2C(50%)-4.25C,424.0,689.0,62.46,-3.60675812505019
Test(B2),Batch2,3,4.65C(44%)-5C,499.0,699.0,40.18,-3.630630823732642
Test(B2),Batch2,4,4.65C(69%)-6C,444.0,579.0,30.43,-3.336556830366991
Test(B2),Batch2,5,3.6C(30%)-6C,416.0,492.0,18.19,-3.0815388411301936
Test(B2),Batch2,6,3.6C(9%)-5C,393.0,723.0,84.0,-3.6824114000029273
Test(B2),Batch2,7,4.8C(80%)-4.8C-newstructure,777.0,1174.0,51.08,-4.436969320850394
Test(B2),Batch2,8,5.2C(58%)-4C-newstructure,904.0,915.0,1.21,-4.048784293808806
Test(B2),Batch2,9,5.6C(26%)-4.5C-newstructure,791.0,930.0,17.57,-4.074233870940575
Test(B2),Batch2,10,4.8C(80%)-4.8C,492.0,654.0,32.94,-3.5260229529375176
Test(B2),Batch2,11,5.2C(50%)-4.25C,449.0,609.0,35.62,-3.414759717766357
Test(B2),Batch2,12,4.65C(44%)-5C,466.0,549.0,17.73,-3.2522073393650883
Test(B2),Batch2,13,4.65C(69%)-6C,460.0,551.0,19.74,-3.2584585026502135
Test(B2),Batch2,14,3.6C(30%)-6C,426.0,508.0,19.28,-3.132837015987658
Test(B2),Batch2,15,3.6C(9%)-5C,396.0,610.0,54.01,-3.417111677638004
Test(B2),Batch2,16,4.8C(80%)-4.8C,472.0,637.0,34.92,-3.4844725163377186
Test(B2),Batch2,17,5.6C(26%)-4.5C,471.0,627.0,33.11,-3.4600966764528565
Test(B2),Batch2,18,5.2C(50%)-4.25C,449.0,678.0,51.07,-3.5827482046768155
Test(B2),Batch2,19,6C(60%)-3C,392.0,563.0,43.59,-3.2921639677943495
Test(B2),Batch2,20,5.2C(58%)-4C,489.0,606.0,23.97,-3.4077735763193697
Test(B2),Batch2,21,6C(60%)-3C,408.0,577.0,41.53,-3.332035475365151
Test(B2),Batch2,24,4.8C(80%)-4.8C,514.0,678.0,31.85,-3.5813832446539684
Test(B2),Batch2,25,5.2C(58%)-4C,493.0,659.0,33.68,-3.537856154199935
Test(B2),Batch2,26,5.6C(26%)-4.5C,450.0,496.0,10.31,-3.096429813527223
Test(B2),Batch2,27,5.2C(50%)-4.25C,474.0,668.0,40.86,-3.5581874083327567
Test(B2),Batch2,28,4.8C(80%)-4.8C,437.0,609.0,39.32,-3.414495916477753
Test(B2),Batch2,29,5.2C(58%)-4C,452.0,640.0,41.67,-3.493027891178068
Test(B2),Batch2,30,5.6C(26%)-4.5C,412.0,527.0,27.8,-3.1882342588761725
Test(B2),Batch2,31,5.6C(26%)-4.5C,425.0,467.0,9.78,-2.9999535862850513
Test(B2),Batch2,32,4.8C(80%)-4.8C-newstructure,809.0,947.0,17.09,-4.102907149217756
Test(B2),Batch2,33,5.2C(58%)-4C-newstructure,1140.0,1060.0,7.01,-4.278157769642239
Test(B2),Batch2,34,5.6C(26%)-4.5C-newstructure,1186.0,1178.0,0.66,-4.442689185551149
Test(B2),Batch2,41,5.6C(26%)-4.5C,442.0,527.0,19.32,-3.190838516113943
Test(B2),Batch2,42,5.2C(50%)-4.25C,474.0,606.0,27.92,-3.408099414569885
Test(B2),Batch2,43,4.8C(80%)-4.8C-newstructure,1029.0,1074.0,4.4,-4.298837720482303
Test(B2),Batch2,44,5.2C(58%)-4C-newstructure,841.0,1127.0,33.97,-4.373031890794826
Test(B2),Batch2,45,5.6C(26%)-4.5C-newstructure,997.0,1051.0,5.38,-4.264289244940207
Test(B2),Batch2,46,4.8C(80%)-4.8C,503.0,676.0,34.4,-3.5775201350196184
Test(B3),Batch3,0,5C(67%)-4C-newstructure,1009.0,1030.0,2.04,-4.232672662805281
Test(B3),Batch3,1,5.3C(54%)-4C-newstructure,1063.0,1040.0,2.15,-4.248604843132753
Test(B3),Batch3,2,5.6C(19%)-4.6C-newstructure,1267.0,1188.0,6.27,-4.454978292843555
Test(B3),Batch3,3,5.6C(36%)-4.3C-newstructure,1115.0,957.0,14.13,-4.119550954352129
Test(B3),Batch3,4,5.6C(19%)-4.6C-newstructure,1048.0,1002.0,4.35,-4.191086917521082
Test(B3),Batch3,5,5.6C(36%)-4.3C-newstructure,828.0,943.0,13.94,-4.096562812015636
Test(B3),Batch3,6,3.7C(31%)-5.9C-newstructure,667.0,650.0,2.55,-3.516391238108188
Test(B3),Batch3,7,4.8C(80%)-4.8C-newstructure,1836.0,1213.0,33.96,-4.487421812361014
Test(B3),Batch3,8,5C(67%)-4C-newstructure,828.0,951.0,14.9,-4.109640654356949
Test(B3),Batch3,9,5.3C(54%)-4C-newstructure,1039.0,883.0,14.99,-3.9939576101373704
Test(B3),Batch3,10,4.8C(80%)-4.8C-newstructure,1078.0,1154.0,7.02,-4.4099246067294215
Test(B3),Batch3,11,5.6C(19%)-4.6C-newstructure,817.0,830.0,1.57,-3.896726877988431
Test(B3),Batch3,12,5.6C(36%)-4.3C-newstructure,932.0,853.0,8.46,-3.9398583422941527
Test(B3),Batch3,13,5.6C(19%)-4.6C-newstructure,816.0,939.0,15.13,-4.090024042413784
Test(B3),Batch3,14,5.6C(36%)-4.3C-newstructure,858.0,895.0,4.37,-4.01536433554015
Test(B3),Batch3,15,5.9C(15%)-4.6C-newstructure,876.0,882.0,0.68,-3.991596264415281
Test(B3),Batch3,16,4.8C(80%)-4.8C-newstructure,1638.0,1376.0,15.96,-4.684958313199335
Test(B3),Batch3,17,5.3C(54%)-4C-newstructure,1315.0,1172.0,10.86,-4.4347635453947625
Test(B3),Batch3,18,5.6C(19%)-4.6C-newstructure,1146.0,1032.0,9.96,-4.2361408052733385
Test(B3),Batch3,19,5.6C(36%)-4.3C-newstructure,1155.0,978.0,15.36,-4.152025460836121
Test(B3),Batch3,20,5C(67%)-4C-newstructure,813.0,943.0,16.02,-4.096326956205182
Test(B3),Batch3,21,3.7C(31%)-5.9C-newstructure,772.0,728.0,5.69,-3.69302296781005
Test(B3),Batch3,22,5.9C(60%)-3.1C-newstructure,1002.0,913.0,8.87,-4.045689718369744
Test(B3),Batch3,24,5C(67%)-4C-newstructure,825.0,962.0,16.6,-4.126906961197384
Test(B3),Batch3,25,5.3C(54%)-4C-newstructure,989.0,965.0,2.42,-4.131881674898488
Test(B3),Batch3,26,5.6C(19%)-4.6C-newstructure,1028.0,1014.0,1.34,-4.2092593997088175
Test(B3),Batch3,27,5.6C(36%)-4.3C-newstructure,850.0,952.0,12.01,-4.110813329369719
Test(B3),Batch3,28,3.7C(31%)-5.9C-newstructure,541.0,619.0,14.5,-3.4413421693731294
Test(B3),Batch3,29,5.9C(15%)-4.6C-newstructure,858.0,916.0,6.72,-4.050036075664458
Test(B3),Batch3,30,5.3C(54%)-4C-newstructure,935.0,972.0,3.98,-4.143468426315687
Test(B3),Batch3,31,5.9C(60%)-3.1C-newstructure,731.0,792.0,8.3,-3.823472128504606
Test(B3),Batch3,33,5C(67%)-4C-newstructure,1284.0,1125.0,12.39,-4.370589515925665
Test(B3),Batch3,34,5.3C(54%)-4C-newstructure,1158.0,1071.0,7.56,-4.293400663403529
Test(B3),Batch3,35,5.6C(19%)-4.6C-newstructure,1093.0,1020.0,6.67,-4.218237357481185
Test(B3),Batch3,36,5.6C(36%)-4.3C-newstructure,923.0,1032.0,11.84,-4.236705340009495
Test(B3),Batch3,37,4.8C(80%)-4.8C-newstructure,1390.0,1670.0,20.12,-4.985631700514401
Test(B3),Batch3,38,5C(67%)-4C-newstructure,1935.0,1101.0,43.12,-4.336641385857311
Test(B3),Batch3,39,5.3C(54%)-4C-newstructure,1156.0,1179.0,1.95,-4.443138111354001
Test(B3),Batch3,40,5.6C(19%)-4.6C-newstructure,796.0,1082.0,35.9,-4.309705344735928
Test(B3),Batch3,41,5.6C(36%)-4.3C-newstructure,786.0,1008.0,28.22,-4.199349675388194
Test(B3),Batch3,42,4.8C(80%)-4.8C-newstructure,1642.0,1135.0,30.86,-4.384950768768629
Test(B3),Batch3,43,5C(67%)-4C-newstructure,1046.0,978.0,6.53,-4.152156360417729
Test(B3),Batch3,44,5.3C(54%)-4C-newstructure,940.0,966.0,2.74,-4.133080792014577
Test(B3),Batch3,45,4.8C(80%)-4.8C-newstructure,1801.0,1227.0,31.89,-4.505414004543061
